id;title;description;start;jhi_end;active;notes;organization_id
1;contextually-based Alaska Fresh;../fake-data/blob/hipster.txt;2022-01-14;2022-01-14;true;../fake-data/blob/hipster.txt;1
2;Ville Illinois Center;../fake-data/blob/hipster.txt;2022-01-13;2022-01-13;true;../fake-data/blob/hipster.txt;2
3;utilize;../fake-data/blob/hipster.txt;2022-01-13;2022-01-14;true;../fake-data/blob/hipster.txt;3
4;Regional;../fake-data/blob/hipster.txt;2022-01-13;2022-01-14;false;../fake-data/blob/hipster.txt;4
5;Soft;../fake-data/blob/hipster.txt;2022-01-13;2022-01-14;false;../fake-data/blob/hipster.txt;5
6;Assistant Bike;../fake-data/blob/hipster.txt;2022-01-14;2022-01-14;false;../fake-data/blob/hipster.txt;6
7;digital SMTP;../fake-data/blob/hipster.txt;2022-01-14;2022-01-14;false;../fake-data/blob/hipster.txt;7
8;Practical Computer;../fake-data/blob/hipster.txt;2022-01-13;2022-01-14;true;../fake-data/blob/hipster.txt;8
9;ROI turquoise Brand;../fake-data/blob/hipster.txt;2022-01-13;2022-01-14;false;../fake-data/blob/hipster.txt;9
10;Corners Buckinghamshire Keyboard;../fake-data/blob/hipster.txt;2022-01-14;2022-01-14;true;../fake-data/blob/hipster.txt;10
